x,y,distance
0,0,3321.707763671875
0,1,3105.617431640625
0,2,2886.023438
0,3,2668.731201171875
0,4,2451.900879
0,5,2235.050537109375
0,6,2019.835205078125
0,7,1808.4049072265625
0,8,1597.047363
0,9,1396.166259765625
0,10,1250.919677734375
0,11,1137.95166
0,12,959.3721923828125
0,13,780.3540039
0,14,552.8234252929688
0,15,325.5636291503906
0,16,125.74907684326172
0,17,97.67841339111328
0,18,95.15779876708984
0,19,92.67029571533203
0,20,90.34856414794922
0,21,88.16173553466797
0,22,86.01213836669922
0,23,83.89717864990234
0,24,81.76919555664062
0,25,79.81118774414062
0,26,77.90666961669922
0,27,75.77790069580078
0,28,73.79863739013672
0,29,72.04634857177734
0,30,69.86852264404297
0,31,66.4613266
0,32,61.717384338378906
0,33,57.03666687011719
0,34,54.28963088989258
0,35,51.281429290771484
0,36,48.09687423706055
0,37,44.67739486694336
0,38,41.64735412597656
0,39,39.81446457
0,40,38.47010803222656
0,41,37.53266143798828
0,42,36.675479888916016
0,43,35.821651458740234
0,44,35.01832199
0,45,34.10850906
0,46,33.09748458862305
0,47,32.05059051513672
0,48,31.015575408935547
0,49,29.987884521484375
0,50,28.94509506225586
0,51,27.872848510742188
0,52,26.789485931396484
0,53,25.740720748901367
0,54,24.773710250854492
0,55,23.83733367919922
0,56,22.962116241455078
0,57,22.173423767089844
0,58,21.413114547729492
0,59,20.732303619384766
0,60,20.07085418701172
0,61,19.441011428833008
0,62,18.832069396972656
0,63,18.224992752075195
0,64,17.62809944152832
0,65,17.071386337280273
0,66,16.515522003173828
0,67,15.960333824157715
0,68,15.40894889831543
0,69,14.887306213378906
0,70,14.373948097229004
0,71,13.860575675964355
0,72,13.347038269042969
0,73,12.833183288574219
0,74,12.392083168029785
0,75,11.97809886932373
0,76,11.563685417175293
0,77,11.16463851928711
0,78,10.780476570129395
0,79,10.39561653137207
0,80,10.026898384094238
0,81,9.660789489746094
0,82,9.305006027
0,83,8.948659896850586
0,84,8.591696739196777
0,85,8.234071731567383
0,86,7.875739097595215
0,87,7.5166497230529785
0,88,7.156759262084961
0,89,6.796019554138184
0,90,6.434384346008301
0,91,6.071804046630859
0,92,5.708234786987305
0,93,5.343629360198975
0,94,4.977939605712891
0,95,4.611119270324707
0,96,4.243119716644287
0,97,3.8738975524902344
0,98,3.503404140472412
0,99,3.1315903663635254
0,100,2.7584099769592285
0,101,2.383819580078125
0,102,2.0077686309814453
0,103,1.6302114725112915
0,104,1.2511011362075806
0,105,0.8703919649124146
0,106,0.48803579807281494
0,107,0.10398352146148682
0,108,-0.281809688
0,109,-0.669390559
0,110,-1.058805346
0,111,-1.45010221
0,112,-1.843326926
0,113,-2.210495472
0,114,-2.574455738
0,115,-2.939260006
0,116,-3.304927826
0,117,-3.671478271
0,118,-4.038928509
0,119,-4.407299042
0,120,-4.776610374
1,0,3276.338379
1,1,3061.228271484375
1,2,2842.453857421875
1,3,2625.951904296875
1,4,2409.838134765625
1,5,2193.285400390625
1,6,1979.208496
1,7,1768.414794921875
1,8,1557.403809
1,9,1359.287841796875
1,10,1221.456055
1,11,1109.3380126953125
1,12,921.1876220703125
1,13,738.4407348632812
1,14,509.44769287109375
1,15,282.8975830078125
1,16,101.7605972290039
1,17,97.11180877685547
1,18,94.5830307
1,19,92.09231567382812
1,20,89.80957794189453
1,21,87.62815094
1,22,85.48317719
1,23,83.3741684
1,24,81.24689483642578
1,25,79.31725311279297
1,26,77.38523102
1,27,75.18999481201172
1,28,73.34339141845703
1,29,71.45652008
1,30,69.00017547607422
1,31,64.93118286132812
1,32,60.24510192871094
1,33,56.18575668334961
1,34,53.64513397216797
1,35,50.49822235107422
1,36,47.222694396972656
1,37,43.758079528808594
1,38,41.10770797729492
1,39,39.54553985595703
1,40,38.2644043
1,41,37.36734390258789
1,42,36.50968551635742
1,43,35.66540527
1,44,34.79392623901367
1,45,33.845664978027344
1,46,32.825740814208984
1,47,31.756649017333984
1,48,30.705394744873047
1,49,29.653709411621094
1,50,28.606082916259766
1,51,27.513811111450195
1,52,26.42859649658203
1,53,25.39495086669922
1,54,24.434263229370117
1,55,23.508831024169922
1,56,22.65959930419922
1,57,21.877365112304688
1,58,21.149368286132812
1,59,20.472518920898438
1,60,19.829530715942383
1,61,19.203279495239258
1,62,18.592761993408203
1,63,18.00938606262207
1,64,17.450462341308594
1,65,16.892547607421875
1,66,16.33547019958496
1,67,15.779060363769531
1,68,15.240212440490723
1,69,14.725631713867188
1,70,14.21118450164795
1,71,13.696728706359863
1,72,13.20398235321045
1,73,12.72918415
1,74,12.299943923950195
1,75,11.885370254516602
1,76,11.470375061035156
1,77,11.068288803100586
1,78,10.690438270568848
1,79,10.322246551513672
1,80,9.962633133
1,81,9.607070922851562
1,82,9.250996589660645
1,83,8.894363403320312
1,84,8.537123680114746
1,85,8.179229736328125
1,86,7.820638179779053
1,87,7.461300373077393
1,88,7.101171970367432
1,89,6.740204334259033
1,90,6.378353595733643
1,91,6.015571594238281
1,92,5.651812553405762
1,93,5.287031173706055
1,94,4.921179771
1,95,4.554214954376221
1,96,4.186086177825928
1,97,3.8167500495910645
1,98,3.4461584091186523
1,99,3.0742650032043457
1,100,2.7010245323181152
1,101,2.3263916969299316
1,102,1.9503194093704224
1,103,1.5727607011795044
1,104,1.1936675310134888
1,105,0.812996507
1,106,0.4306989908218384
1,107,0.046733022
1,108,-0.338951945
1,109,-0.726401687
1,110,-1.115661502
1,111,-1.506778121
1,112,-1.870385528
1,113,-2.23342514
1,114,-2.597281456
1,115,-2.961967468
1,116,-3.327507496
1,117,-3.693916321
1,118,-4.06121254
1,119,-4.429420471
1,120,-4.798553467
2,0,3230.968994140625
2,1,3016.839355
2,2,2798.883789
2,3,2583.172607421875
2,4,2367.775634765625
2,5,2151.520996
2,6,1938.5816650390625
2,7,1728.348876953125
2,8,1517.700927734375
2,9,1322.409423828125
2,10,1191.989013671875
2,11,1074.400634765625
2,12,882.8581543
2,13,694.4906616210938
2,14,466.07244873046875
2,15,241.71107482910156
2,16,99.04164123535156
2,17,96.54100799560547
2,18,94.00824737548828
2,19,91.52313995361328
2,20,89.26963043
2,21,87.09455108642578
2,22,84.95864105
2,23,82.8511734
2,24,80.74434661865234
2,25,78.82331848144531
2,26,76.81390380859375
2,27,74.62473297
2,28,72.87111664
2,29,70.81185150146484
2,30,67.93577575683594
2,31,63.39161301
2,32,58.740318298339844
2,33,55.70543670654297
2,34,52.91641616821289
2,35,49.67609786987305
2,36,46.26850128173828
2,37,42.875274658203125
2,38,40.82583999633789
2,39,39.27874755859375
2,40,38.07264709472656
2,41,37.20262145996094
2,42,36.34345626831055
2,43,35.47266769
2,44,34.56593704223633
2,45,33.57484817504883
2,46,32.53345871
2,47,31.458114624023438
2,48,30.37267494
2,49,29.319536209106445
2,50,28.248794555664062
2,51,27.154767990112305
2,52,26.068527221679688
2,53,25.049182891845703
2,54,24.094820022583008
2,55,23.18053627
2,56,22.36281967163086
2,57,21.59783172607422
2,58,20.891220092773438
2,59,20.229236602783203
2,60,19.58820343017578
2,61,18.96554946899414
2,62,18.39421272277832
2,63,17.83293914794922
2,64,17.272825241088867
2,65,16.713706970214844
2,66,16.155418395996094
2,67,15.616354942321777
2,68,15.080824851989746
2,69,14.563957214355469
2,70,14.063793182373047
2,71,13.578232765197754
2,72,13.092575073242188
2,73,12.63146686553955
2,74,12.207801818847656
2,75,11.792640686035156
2,76,11.37706184387207
2,77,10.985980987548828
2,78,10.619599342346191
2,79,10.264615058898926
2,80,9.909214973449707
2,81,9.553354263305664
2,82,9.196987152
2,83,8.840067863464355
2,84,8.482550621032715
2,85,8.124388694763184
2,86,7.765535831451416
2,87,7.405950069
2,88,7.045583248138428
2,89,6.684389114379883
2,90,6.322323799133301
2,91,5.959339618682861
2,92,5.595391273498535
2,93,5.230434894561768
2,94,4.864424705505371
2,95,4.497311115264893
2,96,4.129051208496094
2,97,3.759601593017578
2,98,3.388913154602051
2,99,3.0169405937194824
2,100,2.643639565
2,101,2.2689661979675293
2,102,1.892868161201477
2,103,1.5153065919876099
2,104,1.1362329721450806
2,105,0.7555996179580688
2,106,0.37336599826812744
2,107,-0.010517955
2,108,-0.396095157
2,109,-0.783414721
2,110,-1.169850707
2,111,-1.53124702
2,112,-1.893410087
2,113,-2.256354809
2,114,-2.62010479
2,115,-2.984674454
2,116,-3.350083351
2,117,-3.716352463
2,118,-4.083498955
2,119,-4.45154047
2,120,-4.820496559
3,0,3185.598876953125
3,1,2972.450195
3,2,2755.314208984375
3,3,2540.393310546875
3,4,2325.713134765625
3,5,2109.755859
3,6,1897.955078
3,7,1688.258301
3,8,1477.957763671875
3,9,1288.354004
3,10,1162.929931640625
3,11,1035.61084
3,12,844.2763672
3,13,650.5374145507812
3,14,422.6972961425781
3,15,204.14915466308594
3,16,98.48931884765625
3,17,95.97006989
3,18,93.43347930908203
3,19,90.96385955810547
3,20,88.72969055175781
3,21,86.56093597
3,22,84.43441009521484
3,23,82.32503509521484
3,24,80.24696350097656
3,25,78.32939147949219
3,26,76.23677825927734
3,27,74.08333587646484
3,28,72.33755493164062
3,29,70.16310883
3,30,66.71750641
3,31,61.93793487548828
3,32,57.571746826171875
3,33,55.170345306396484
3,34,52.121055603027344
3,35,48.82143783569336
3,36,45.314308166503906
3,37,42.25486373901367
3,38,40.55392074584961
3,39,39.02486801147461
3,40,37.90023422241211
3,41,37.03834152
3,42,36.17722702026367
3,43,35.26203155517578
3,44,34.337955474853516
3,45,33.30766677856445
3,46,32.24061584472656
3,47,31.131418228149414
3,48,30.039955139160156
3,49,28.985366821289062
3,50,27.89150619506836
3,51,26.795730590820312
3,52,25.728137969970703
3,53,24.70952606201172
3,54,23.75537872314453
3,55,22.87517547607422
3,56,22.07239532470703
3,57,21.31926155090332
3,58,20.634567260742188
3,59,19.989458084106445
3,60,19.351329803466797
3,61,18.782699584960938
3,62,18.218936920166016
3,63,17.656490325927734
3,64,17.095190048217773
3,65,16.534868240356445
3,66,15.99570083618164
3,67,15.458684921264648
3,68,14.929763793945312
3,69,14.44012451171875
3,70,13.953839302062988
3,71,13.467544555664062
3,72,12.995492935180664
3,73,12.533750534057617
3,74,12.115659713745117
3,75,11.703666687011719
3,76,11.303735733032227
3,77,10.921731948852539
3,78,10.566800117492676
3,79,10.211504936218262
3,80,9.855796813964844
3,81,9.49963665
3,82,9.142976760864258
3,83,8.785772323608398
3,84,8.427975655
3,85,8.069544792175293
3,86,7.710435390472412
3,87,7.350600719451904
3,88,6.98999548
3,89,6.628573417663574
3,90,6.266293525695801
3,91,5.903106689453125
3,92,5.538970470428467
3,93,5.1738386154174805
3,94,4.807664871
3,95,4.440405846
3,96,4.072017669677734
3,97,3.7024545669555664
3,98,3.331667900085449
3,99,2.9596171379089355
3,100,2.5862550735473633
3,101,2.211536407470703
3,102,1.8354183435440063
3,103,1.457853913
3,104,1.0787955522537231
3,105,0.6982060670852661
3,106,0.3160310983657837
3,107,-0.067768455
3,108,-0.453238845
3,109,-0.83244741
3,110,-1.193032146
3,111,-1.554358363
3,112,-1.916433215
3,113,-2.279285431
3,114,-2.6429286
3,115,-3.007381916
3,116,-3.372663975
3,117,-3.738791943
3,118,-4.10578537
3,119,-4.47366333
3,120,-4.842441559
4,0,3140.229492
4,1,2928.061035
4,2,2711.744384765625
4,3,2497.613525390625
4,4,2283.650634765625
4,5,2067.990966796875
4,6,1857.327880859375
4,7,1648.168701171875
4,8,1438.2144775390625
4,9,1256.683105
4,10,1133.9573974609375
4,11,996.8217773
4,12,806.8005981445312
4,13,606.5844727
4,14,379.3223876953125
4,15,169.51084899902344
4,16,97.93126678466797
4,17,95.3988266
4,18,92.85739899
4,19,90.43034362792969
4,20,88.18973541259766
4,21,86.02732086
4,22,83.91017914
4,23,81.79877471923828
4,24,79.74959564208984
4,25,77.80583953857422
4,26,75.65953063964844
4,27,73.60770416259766
4,28,71.76550293
4,29,69.29795074
4,30,65.16031646728516
4,31,60.53137969970703
4,32,57.04680252075195
4,33,54.51252746582031
4,34,51.28901672363281
4,35,47.891910552978516
4,36,44.37569046020508
4,37,41.91781234741211
4,38,40.28199387
4,39,38.80418777
4,40,37.735923767089844
4,41,36.872432708740234
4,42,35.986854553222656
4,43,35.04166030883789
4,44,34.09560012817383
4,45,33.03681564331055
4,46,31.917346954345703
4,47,30.804716110229492
4,48,29.707233428955078
4,49,28.638885498046875
4,50,27.534217834472656
4,51,26.43668556213379
4,52,25.38774871826172
4,53,24.371963500976562
4,54,23.419116973876953
4,55,22.569812774658203
4,56,21.79455566
4,57,21.059640884399414
4,58,20.39630699157715
4,59,19.76593017578125
4,60,19.174949645996094
4,61,18.60857391357422
4,62,18.04366111755371
4,63,17.480039596557617
4,64,16.917552947998047
4,65,16.37773323059082
4,66,15.839096069335938
4,67,15.330574035644531
4,68,14.824588775634766
4,69,14.330904960632324
4,70,13.843886375427246
4,71,13.360612869262695
4,72,12.898411750793457
4,73,12.439528465270996
4,74,12.033714294433594
4,75,11.634023666381836
4,76,11.246003150939941
4,77,10.869248390197754
4,78,10.51400089263916
4,79,10.158392906188965
4,80,9.802379608154297
4,81,9.445919036865234
4,82,9.088966369628906
4,83,8.731474876403809
4,84,8.373402596
4,85,8.014704704284668
4,86,7.655334473
4,87,7.2952494621276855
4,88,6.934408187866211
4,89,6.572758674621582
4,90,6.210262298583984
4,91,5.8468732833862305
4,92,5.482547760009766
4,93,5.117240905761719
4,94,4.750906944274902
4,95,4.383504390716553
4,96,4.014984130859375
4,97,3.645305633544922
4,98,3.2744226455688477
4,99,2.9022932052612305
4,100,2.528870105743408
4,101,2.154109001159668
4,102,1.777969479560852
4,103,1.4004007577896118
4,104,1.0213605165481567
4,105,0.6408101320266724
4,106,0.25869667530059814
4,107,-0.125018001
4,108,-0.495875716
4,109,-0.855691791
4,110,-1.216215491
4,111,-1.577464938
4,112,-1.93945682
4,113,-2.302214146
4,114,-2.665751457
4,115,-3.030086994
4,116,-3.395242214
4,117,-3.761229515
4,118,-4.128071308
4,119,-4.495782375
4,120,-4.864385605
5,0,3094.859619140625
5,1,2883.672119140625
5,2,2668.174560546875
5,3,2454.834473
5,4,2241.638916015625
5,5,2026.2596435546875
5,6,1816.684326171875
5,7,1608.0787353515625
5,8,1398.471435546875
5,9,1225.012451171875
5,10,1105.559082
5,11,958.0319213867188
5,12,772.1910400390625
5,13,562.6314697265625
5,14,335.9468078613281
5,15,132.77182006835938
5,16,97.37300872802734
5,17,94.82759857177734
5,18,92.28862762451172
5,19,89.89684295654297
5,20,87.64979553222656
5,21,85.49370574951172
5,22,83.38594055175781
5,23,81.27252197265625
5,24,79.25222015
5,25,77.24572754
5,26,75.07875824
5,27,73.15096282958984
5,28,71.14133453
5,29,68.21314239501953
5,30,63.59377670288086
5,31,59.151283264160156
5,32,56.56092071533203
5,33,53.76362228393555
5,34,50.426822662353516
5,35,46.93692398071289
5,36,43.73992919921875
5,37,41.61216735839844
5,38,40.01283645629883
5,39,38.58967208862305
5,40,37.572155
5,41,36.70651626586914
5,42,35.76636505126953
5,43,34.81428909301758
5,44,33.83055496
5,45,32.72767258
5,46,31.591869354248047
5,47,30.478015899658203
5,48,29.374513626098633
5,49,28.283248901367188
5,50,27.176931381225586
5,51,26.089900970458984
5,52,25.04735565185547
5,53,24.034400939941406
5,54,23.111162185668945
5,55,22.277896881103516
5,56,21.516719818115234
5,57,20.80886459350586
5,58,20.184619903564453
5,59,19.589229583740234
5,60,19.00196075439453
5,61,18.434452056884766
5,62,17.868383407592773
5,63,17.30377960205078
5,64,16.76256561279297
5,65,16.240400314331055
5,66,15.733071327209473
5,67,15.226106643676758
5,68,14.719414710998535
5,69,14.221686363220215
5,70,13.733932495117188
5,71,13.26417064666748
5,72,12.801490783691406
5,73,12.364409446716309
5,74,11.969867706298828
5,75,11.581745147705078
5,76,11.193398475646973
5,77,10.816767692565918
5,78,10.461202621459961
5,79,10.105281829833984
5,80,9.748963356018066
5,81,9.392201424
5,82,9.034954071044922
5,83,8.677179336547852
5,84,8.318828582763672
5,85,7.959863185882568
5,86,7.600234031677246
5,87,7.239899158477783
5,88,6.878819942474365
5,89,6.516942977905273
5,90,6.154233455657959
5,91,5.790640830993652
5,92,5.426126956939697
5,93,5.060644149780273
5,94,4.694147587
5,95,4.326599121
5,96,3.957949638366699
5,97,3.5881576538085938
5,98,3.2171783447265625
5,99,2.8449697494506836
5,100,2.4714841842651367
5,101,2.0966806411743164
5,102,1.7205172777175903
5,103,1.3429476022720337
5,104,0.9639283418655396
5,105,0.5834132432937622
5,106,0.2013627290725708
5,107,-0.160093188
5,108,-0.519175887
5,109,-0.878937602
5,110,-1.239397883
5,111,-1.600572467
5,112,-1.962481856
5,113,-2.325145245
5,114,-2.688576698
5,115,-3.052794456
5,116,-3.417819023
5,117,-3.783669472
5,118,-4.150357723
5,119,-4.517905712
5,120,-4.886329651
6,0,3049.489990234375
6,1,2839.282958984375
6,2,2624.60498
6,3,2412.055176
6,4,2199.640380859375
6,5,1984.844970703125
6,6,1775.970215
6,7,1567.988281
6,8,1359.569336
6,9,1193.3414306640625
6,10,1077.819091796875
6,11,919.2470092773438
6,12,737.8485717773438
6,13,518.6782227
6,14,292.6384277
6,15,104.1651382446289
6,16,96.80644226074219
6,17,94.25414276123047
6,18,91.72089385986328
6,19,89.36331939697266
6,20,87.10985565185547
6,21,84.96009063720703
6,22,82.86171722
6,23,80.74626922607422
6,24,78.75484466552734
6,25,76.67918395996094
6,26,74.51381683
6,27,72.64087677001953
6,28,70.48960114
6,29,66.96780395507812
6,30,62.19569396972656
6,31,58.40530776977539
6,32,56.04475784301758
6,33,52.97391891479492
6,34,49.537635803222656
6,35,45.98194885253906
6,36,43.317501068115234
6,37,41.324581146240234
6,38,39.75236892700195
6,39,38.37898635864258
6,40,37.40750503540039
6,41,36.53083801269531
6,42,35.54587173461914
6,43,34.58692169189453
6,44,33.552303314208984
6,45,32.408470153808594
6,46,31.266387939453125
6,47,30.151317596435547
6,48,29.043636322021484
6,49,27.9276123
6,50,26.81964111328125
6,51,25.75125503540039
6,52,24.70696258544922
6,53,23.70471191
6,54,22.80754852294922
6,55,22.001699447631836
6,56,21.245630264282227
6,57,20.607492446899414
6,58,20.00904083251953
6,59,19.412532806396484
6,60,18.828969955444336
6,61,18.26032829284668
6,62,17.693506240844727
6,63,17.154834747314453
6,64,16.645814895629883
6,65,16.13733673095703
6,66,15.62930965423584
6,67,15.121642112731934
6,68,14.614239692687988
6,69,14.112466812133789
6,70,13.631114959716797
6,71,13.174053192138672
6,72,12.727709770202637
6,73,12.306198120117188
6,74,11.91792106628418
6,75,11.52946949005127
6,76,11.140792846679688
6,77,10.764286041259766
6,78,10.408402442932129
6,79,10.052170753479004
6,80,9.695545196533203
6,81,9.338483810424805
6,82,8.98094368
6,83,8.622882843017578
6,84,8.264255524
6,85,7.905022144317627
6,86,7.545132637023926
6,87,7.184550762176514
6,88,6.823230266571045
6,89,6.461128234863281
6,90,6.098203659057617
6,91,5.734408855438232
6,92,5.3697052001953125
6,93,5.004046917
6,94,4.637390137
6,95,4.269695281982422
6,96,3.9009161
6,97,3.5310096740722656
6,98,3.159933567047119
6,99,2.7876439094543457
6,100,2.4140992164611816
6,101,2.039255142211914
6,102,1.6630679368972778
6,103,1.2854949235916138
6,104,0.9064933061599731
6,105,0.5326954126358032
6,106,0.17494690418243408
6,107,-0.183435321
6,108,-0.542476058
6,109,-0.902181506
6,110,-1.262578845
6,111,-1.623680949
6,112,-1.985508323
6,113,-2.348074913
6,114,-2.711399555
6,115,-3.075502872
6,116,-3.440397739
6,117,-3.806105137
6,118,-4.172644615
6,119,-4.540024757
6,120,-4.908272266
7,0,3004.120361328125
7,1,2794.893798828125
7,2,2581.035156
7,3,2369.276123046875
7,4,2157.641845703125
7,5,1943.6895751953125
7,6,1735.256103515625
7,7,1527.799805
7,8,1322.106445
7,9,1161.802978515625
7,10,1049.305419921875
7,11,880.5086059570312
7,12,702.3696289
7,13,474.7250061035156
7,14,249.81642150878906
7,15,98.72400665283203
7,16,96.23123931884766
7,17,93.67969512939453
7,18,91.18390655517578
7,19,88.82981872558594
7,20,86.56990814208984
7,21,84.42835235595703
7,22,82.33683013916016
7,23,80.22000885009766
7,24,78.22669219970703
7,25,76.11067962646484
7,26,73.96588134765625
7,27,72.06893157958984
7,28,69.63491058
7,29,65.41909027
7,30,60.92125701904297
7,31,57.94586181640625
7,32,55.36097717285156
7,33,52.12712478637695
7,34,48.589481353759766
7,35,45.35538864135742
7,36,42.927207946777344
7,37,41.04655838012695
7,38,39.491905212402344
7,39,38.17805862426758
7,40,37.24184036254883
7,41,36.31077194213867
7,42,35.31980895996094
7,43,34.35425567626953
7,44,33.24624252319336
7,45,32.08926773071289
7,46,30.940914154052734
7,47,29.824615478515625
7,48,28.69550323486328
7,49,27.571975708007812
7,50,26.464759826660156
7,51,25.41260528564453
7,52,24.366573333740234
7,53,23.39068603515625
7,54,22.515811920166016
7,55,21.725500106811523
7,56,21.034622192382812
7,57,20.432998657226562
7,58,19.833454132080078
7,59,19.235836029052734
7,60,18.655981063842773
7,61,18.086353302001953
7,62,17.56347656
7,63,17.053146362304688
7,64,16.543445587158203
7,65,16.03427505493164
7,66,15.52554702758789
7,67,15.01717472076416
7,68,14.509064674377441
7,69,14.00324821472168
7,70,13.547517776489258
7,71,13.10474967956543
7,72,12.672386169433594
7,73,12.254585266113281
7,74,11.865975379943848
7,75,11.477191925048828
7,76,11.088187217712402
7,77,10.711803436279297
7,78,10.355602264404297
7,79,9.999058723449707
7,80,9.642127037
7,81,9.284766197
7,82,8.926935195922852
7,83,8.568587303161621
7,84,8.209682465
7,85,7.850179195404053
7,86,7.490032196044922
7,87,7.129200458526611
7,88,6.767643451690674
7,89,6.405313491821289
7,90,6.042174339294434
7,91,5.6781768798828125
7,92,5.313283920288086
7,93,4.947449684143066
7,94,4.580633640289307
7,95,4.2127909660339355
7,96,3.843881607055664
7,97,3.473863124847412
7,98,3.102689266204834
7,99,2.730320453643799
7,100,2.3567142486572266
7,101,1.9818259477615356
7,102,1.6056171655654907
7,103,1.228040337562561
7,104,0.8664079904556274
7,105,0.5092955827713013
7,106,0.15156996250152588
7,107,-0.206779838
7,108,-0.565773368
7,109,-0.925428271
7,110,-1.285763144
7,111,-1.646789908
7,112,-2.008533478
7,113,-2.371003628
7,114,-2.734224796
7,115,-3.098207951
7,116,-3.462976456
7,117,-3.828545094
7,118,-4.194927692
7,119,-4.562148094
7,120,-4.930219173
8,0,2958.750732421875
8,1,2750.504638671875
8,2,2537.465576171875
8,3,2326.496582
8,4,2115.643555
8,5,1902.643555
8,6,1694.541992
8,7,1487.600098
8,8,1284.643798828125
8,9,1131.8868408203125
8,10,1020.2785034179688
8,11,841.7755126953125
8,12,657.8121337890625
8,13,430.7726135253906
8,14,210.08151245117188
8,15,98.15894317626953
8,16,95.65024567
8,17,93.10523223876953
8,18,90.65594482421875
8,19,88.29630279541016
8,20,86.02996826171875
8,21,83.89949798583984
8,22,81.80956268310547
8,23,79.69376373291016
8,24,77.66268157958984
8,25,75.53705596923828
8,26,73.4489975
8,27,71.47113037109375
8,28,68.52618408203125
8,29,63.803707122802734
8,30,59.80401611328125
8,31,57.44783020019531
8,32,54.58506393432617
8,33,51.24103546142578
8,34,47.63322830200195
8,35,44.87696457
8,36,42.577423095703125
8,37,40.77804183959961
8,38,39.24106979370117
8,39,38.00233840942383
8,40,37.07516860961914
8,41,36.09070587158203
8,42,35.08262252807617
8,43,34.06406784057617
8,44,32.92802047729492
8,45,31.770069122314453
8,46,30.619796752929688
8,47,29.497915267944336
8,48,28.34624481201172
8,49,27.216339111328125
8,50,26.127761840820312
8,51,25.073959350585938
8,52,24.034988403320312
8,53,23.076662063598633
8,54,22.23092269897461
8,55,21.503013610839844
8,56,20.86118507385254
8,57,20.258502960205078
8,58,19.657875061035156
8,59,19.059139251708984
8,60,18.487504959106445
8,61,17.97417449951172
8,62,17.462467193603516
8,63,16.951461791992188
8,64,16.441072463989258
8,65,15.931211471557617
8,66,15.421785354614258
8,67,14.912708282470703
8,68,14.40420150756836
8,69,13.92194938659668
8,70,13.484159469604492
8,71,13.051492691040039
8,72,12.618776321411133
8,73,12.202974319458008
8,74,11.814029693603516
8,75,11.424914360046387
8,76,11.035581588745117
8,77,10.659321784973145
8,78,10.302803039550781
8,79,9.945947647094727
8,80,9.588709831237793
8,81,9.231049537658691
8,82,8.872923851013184
8,83,8.514289855957031
8,84,8.155109405517578
8,85,7.7953362464904785
8,86,7.434930324554443
8,87,7.073850631713867
8,88,6.712055206298828
8,89,6.349498748779297
8,90,5.986142158508301
8,91,5.621944427490234
8,92,5.256862640380859
8,93,4.890852928161621
8,94,4.523873805999756
8,95,4.155887603759766
8,96,3.7868471145629883
8,97,3.4167141914367676
8,98,3.0454440116882324
8,99,2.672996997833252
8,100,2.2993297576904297
8,101,1.9244004487991333
8,102,1.5554581880569458
8,103,1.1995073556900024
8,104,0.8429924249649048
8,105,0.4858905076980591
8,106,0.12819397449493408
8,107,-0.23012197
8,108,-0.589073062
8,109,-0.948675513
8,110,-1.308943629
8,111,-1.669899821
8,112,-2.031555653
8,113,-2.393932819
8,114,-2.7570467
8,115,-3.120915413
8,116,-3.485554695
8,117,-3.850983143
8,118,-4.217213631
8,119,-4.584267616
8,120,-4.952162266
9,0,2913.381103515625
9,1,2706.115723
9,2,2493.895751953125
9,3,2283.717529296875
9,4,2073.645263671875
9,5,1861.1817626953125
9,6,1653.855712890625
9,7,1447.366943359375
9,8,1247.180908203125
9,9,1101.969970703125
9,10,991.2396240234375
9,11,803.0600586
9,12,613.2509155273438
9,13,386.8202209472656
9,14,174.56161499023438
9,15,97.59369659423828
9,16,95.06909942626953
9,17,92.53078461
9,18,90.12799835205078
9,19,87.77164459228516
9,20,85.49014282226562
9,21,83.37065887451172
9,22,81.28230285644531
9,23,79.18069458007812
9,24,77.09915924072266
9,25,74.96002197265625
9,26,72.96468353271484
9,27,70.82386016845703
9,28,67.26379395
9,29,62.54774094
9,30,59.224510192871094
9,31,56.869930267333984
9,32,53.78255081176758
9,33,50.32044601
9,34,47.026390075683594
9,35,44.42613983154297
9,36,42.234710693359375
9,37,40.51148223876953
9,38,39.00075149536133
9,39,37.82906723022461
9,40,36.86298751831055
9,41,35.87063980102539
9,42,34.82555008
9,43,33.768096923828125
9,44,32.60980224609375
9,45,31.450870513916016
9,46,30.29950714111328
9,47,29.16692543029785
9,48,27.996986389160156
9,49,26.860702514648438
9,50,25.79076576
9,51,24.735309600830078
9,52,23.722640991210938
9,53,22.781312942504883
9,54,22.005775451660156
9,55,21.30364990234375
9,56,20.687747955322266
9,57,20.084009170532227
9,58,19.48229217529297
9,59,18.903926849365234
9,60,18.386985778808594
9,61,17.873828887939453
9,62,17.36145592
9,63,16.849775314331055
9,64,16.338703155517578
9,65,15.828146934509277
9,66,15.318023681640625
9,67,14.813156127929688
9,68,14.319658279418945
9,69,13.864274978637695
9,70,13.431259155273438
9,71,12.998237609863281
9,72,12.565170288085938
9,73,12.151363372802734
9,74,11.762084007263184
9,75,11.372636795043945
9,76,10.982975959777832
9,77,10.606839179992676
9,78,10.250004768371582
9,79,9.892835617
9,80,9.535293579101562
9,81,9.177332878112793
9,82,8.818912506103516
9,83,8.459993362426758
9,84,8.100535393
9,85,7.7404961585998535
9,86,7.379830837249756
9,87,7.018500804901123
9,88,6.656466484069824
9,89,6.293684005737305
9,90,5.930113315582275
9,91,5.5657124519348145
9,92,5.200438976287842
9,93,4.834256172180176
9,94,4.467116355895996
9,95,4.098984241485596
9,96,3.729814052581787
9,97,3.3595643043518066
9,98,2.988199234008789
9,99,2.615673065185547
9,100,2.2423319816589355
9,101,1.8874446153640747
9,102,1.5320340394973755
9,103,1.176082730293274
9,104,0.8195716142654419
9,105,0.46249067783355713
9,106,0.10481750965118408
9,107,-0.25346458
9,108,-0.612371325
9,109,-0.971920848
9,110,-1.332126498
9,111,-1.693007827
9,112,-2.054580212
9,113,-2.416863441
9,114,-2.779871941
9,115,-3.143621445
9,116,-3.508133411
9,117,-3.873419285
9,118,-4.239499569
9,119,-4.606388092
9,120,-4.974105358
10,0,2868.011474609375
10,1,2661.726806640625
10,2,2450.325927734375
10,3,2240.937744140625
10,4,2031.646728515625
10,5,1819.623535
10,6,1613.192871
10,7,1407.076416015625
10,8,1209.718017578125
10,9,1072.050781
10,10,953.0811767578125
10,11,763.9711914
10,12,568.6890869140625
10,13,342.8678283691406
10,14,138.35520935058594
10,15,97.02509307861328
10,16,94.48794555664062
10,17,91.97072601
10,18,89.60004425048828
10,19,87.24918365478516
10,20,84.95154571533203
10,21,82.84180450439453
10,22,80.75504302978516
10,23,78.64763641357422
10,24,76.54164886
10,25,74.39728546142578
10,26,72.38048553466797
10,27,69.98236846923828
10,28,65.65366364
10,29,61.25668716430664
10,30,58.77577590942383
10,31,56.154109954833984
10,32,52.93056106567383
10,33,49.35225296020508
10,34,46.53268051147461
10,35,44.00349807739258
10,36,41.899356842041016
10,37,40.24445343017578
10,38,38.783077239990234
10,39,37.66440200805664
10,40,36.643253326416016
10,41,35.63969039916992
10,42,34.56768035888672
10,43,33.45923996
10,44,32.29157638549805
10,45,31.131669998168945
10,46,29.97921371459961
10,47,28.81908416748047
10,48,27.647724151611328
10,49,26.517045974731445
10,50,25.453771591186523
10,51,24.404277801513672
10,52,23.410293579101562
10,53,22.56038475036621
10,54,21.796098709106445
10,55,21.12277603149414
10,56,20.51430892944336
10,57,19.909513473510742
10,58,19.341976165771484
10,59,18.801956176757812
10,60,18.28729248046875
10,61,17.773483276367188
10,62,17.26044464111328
10,63,16.748090744018555
10,64,16.236331939697266
10,65,15.725085258483887
10,66,15.22344970703125
10,67,14.733598709106445
10,68,14.265342712402344
10,69,13.811725616455078
10,70,13.37835693359375
10,71,12.944981575012207
10,72,12.511561393737793
10,73,12.099748611450195
10,74,11.710137367248535
10,75,11.32036018371582
10,76,10.93037223815918
10,77,10.554357528686523
10,78,10.197205543518066
10,79,9.839725494384766
10,80,9.481874465942383
10,81,9.123614311218262
10,82,8.764903069
10,83,8.405697823
10,84,8.045962334
10,85,7.685652256011963
10,86,7.324729919433594
10,87,6.963151454925537
10,88,6.600877762
10,89,6.237867355
10,90,5.874083042144775
10,91,5.509478569030762
10,92,5.144017696380615
10,93,4.777658939361572
10,94,4.410358428955078
10,95,4.042081356048584
10,96,3.6727781295776367
10,97,3.3024191856384277
10,98,2.9309558868408203
10,99,2.573340416
10,100,2.218935966491699
10,101,1.864029049873352
10,102,1.5086103677749634
10,103,1.1526566743850708
10,104,0.7961550951004028
10,105,0.43908846378326416
10,106,0.081439137
10,107,-0.276807666
10,108,-0.635670066
10,109,-0.995164752
10,110,-1.355308414
10,111,-1.716116309
10,112,-2.077606678
10,113,-2.439793587
10,114,-2.802697182
10,115,-3.166329384
10,116,-3.530711651
10,117,-3.895856857
10,118,-4.261784077
10,119,-4.628510475
10,120,-4.996049404
11,0,2822.641845703125
11,1,2617.337158203125
11,2,2406.756348
11,3,2198.158447265625
11,4,1989.648438
11,5,1778.321044921875
11,6,1572.530273
11,7,1366.786133
11,8,1172.253662109375
11,9,1042.2855224609375
11,10,913.7149658203125
11,11,726.5737305
11,12,524.1279297
11,13,298.9156188964844
11,14,107.69961547851562
11,15,96.45081329345703
11,16,93.90679931640625
11,17,91.43642426
11,18,89.07209014892578
11,19,86.72671508789062
11,20,84.42248535
11,21,82.31297302246094
11,22,80.22777557373047
11,23,78.07936859
11,24,75.97348785
11,25,73.84925079345703
11,26,71.78974914550781
11,27,68.87569427490234
11,28,64.18172454833984
11,29,60.404754638671875
11,30,58.25254440307617
11,31,55.34014892578125
11,32,52.02289962768555
11,33,48.741722106933594
11,34,46.038970947265625
11,35,43.634708404541016
11,36,41.60373306274414
11,37,39.979244232177734
11,38,38.57221603393555
11,39,37.47043991088867
11,40,36.42351150512695
11,41,35.37706375
11,42,34.29126739501953
11,43,33.141876220703125
11,44,31.97335433959961
11,45,30.812471389770508
11,46,29.658920288085938
11,47,28.471240997314453
11,48,27.29846764
11,49,26.181610107421875
11,50,25.116777420043945
11,51,24.085407257080078
11,52,23.171459197998047
11,53,22.345314025878906
11,54,21.589237213134766
11,55,20.948833465576172
11,56,20.34924316
11,57,19.783815383911133
11,58,19.233461380004883
11,59,18.702903747558594
11,60,18.187599182128906
11,61,17.673137664794922
11,62,17.159435272216797
11,63,16.646406173706055
11,64,16.133960723876953
11,65,15.635143280029297
11,66,15.148656845092773
11,67,14.669082641601562
11,68,14.21220588684082
11,69,13.759177207946777
11,70,13.325453758239746
11,71,12.891724586486816
11,72,12.457952499389648
11,73,12.048137664794922
11,74,11.65819263458252
11,75,11.268082618713379
11,76,10.877765655517578
11,77,10.501874923706055
11,78,10.14440631866455
11,79,9.786613464355469
11,80,9.428456306
11,81,9.069896697998047
11,82,8.710892677307129
11,83,8.351402282714844
11,84,7.991389751434326
11,85,7.6308112144470215
11,86,7.269629001617432
11,87,6.907800674438477
11,88,6.545290946960449
11,89,6.182053089141846
11,90,5.818051815032959
11,91,5.45324707
11,92,5.087596893310547
11,93,4.721060752868652
11,94,4.353599548339844
11,95,3.9851760864257812
11,96,3.615744113922119
11,97,3.257420539855957
11,98,2.9039230346679688
11,99,2.549968719482422
11,100,2.195537567138672
11,101,1.8406158685684204
11,102,1.485186219215393
11,103,1.129233479499817
11,104,0.7727357149124146
11,105,0.4156867265701294
11,106,0.058062673
11,107,-0.300150752
11,108,-0.658969283
11,109,-1.018411517
11,110,-1.378491282
11,111,-1.739226222
11,112,-2.10063076
11,113,-2.462724209
11,114,-2.825520992
11,115,-3.189036369
11,116,-3.553289413
11,117,-3.91829586
11,118,-4.284069538
11,119,-4.650632381
11,120,-5.017992973
12,0,2777.272216796875
12,1,2572.948486328125
12,2,2363.186767578125
12,3,2155.379395
12,4,1947.649902
12,5,1737.018798828125
12,6,1531.8675537109375
12,7,1326.495849609375
12,8,1135.5343017578125
12,9,1012.8663330078125
12,10,874.3485107421875
12,11,691.4665527
12,12,479.5664063
12,13,255.37632751464844
12,14,98.34716033935547
12,15,95.86940765
12,16,93.32565307617188
12,17,90.90210723876953
12,18,88.54383087158203
12,19,86.20424652
12,20,83.89556121826172
12,21,81.78412628173828
12,22,79.69753265
12,23,77.51839447021484
12,24,75.40943145751953
12,25,73.30680847167969
12,26,71.16126251220703
12,27,67.62876892089844
12,28,62.92903518676758
12,29,60.00554656982422
12,30,57.65885543823242
12,31,54.516658782958984
12,32,51.08864974975586
12,33,48.240787506103516
12,34,45.56464767456055
12,35,43.289981842041016
12,36,41.315975189208984
12,37,39.71595001220703
12,38,38.361942291259766
12,39,37.25175857543945
12,40,36.18077087402344
12,41,35.114437103271484
12,42,33.99598312
12,43,32.82451248168945
12,44,31.655136108398438
12,45,30.49327278137207
12,46,29.328792572021484
12,47,28.123397827148438
12,48,26.949718475341797
12,49,25.846172332763672
12,50,24.78738021850586
12,51,23.830482482910156
12,52,22.94489097595215
12,53,22.13024139404297
12,54,21.400732040405273
12,55,20.79612159729004
12,56,20.2285099
12,57,19.673011779785156
12,58,19.13031768798828
12,59,18.603851318359375
12,60,18.087907791137695
12,61,17.572792053222656
12,62,17.05842399597168
12,63,16.54471778869629
12,64,16.04829216003418
12,65,15.564803123474121
12,66,15.083560943603516
12,67,14.616302490234375
12,68,14.159070014953613
12,69,13.706626892089844
12,70,13.272550582885742
12,71,12.838470458984375
12,72,12.404346466064453
12,73,11.996525764465332
12,74,11.606245040893555
12,75,11.215805053710938
12,76,10.825160026550293
12,77,10.449392318725586
12,78,10.091607093811035
12,79,9.733503341674805
12,80,9.375040054321289
12,81,9.016179084777832
12,82,8.656881332397461
12,83,8.297106742858887
12,84,7.936816692352295
12,85,7.575970173
12,86,7.214528560638428
12,87,6.852451324462891
12,88,6.489701271057129
12,89,6.126237869262695
12,90,5.762023926
12,91,5.397014141082764
12,92,5.031175613
12,93,4.664464473724365
12,94,4.296841621398926
12,95,3.9399023056030273
12,96,3.587219715118408
12,97,3.2341184616088867
12,98,2.8805837631225586
12,99,2.526595115661621
12,100,2.1721386909484863
12,101,1.8172022104263306
12,102,1.4617611169815063
12,103,1.1058064699172974
12,104,0.7493201494216919
12,105,0.392283559
12,106,0.034685730934143066
12,107,-0.323492885
12,108,-0.68226707
12,109,-1.041657329
12,110,-1.401673198
12,111,-1.762333274
12,112,-2.123654842
12,113,-2.4856534
12,114,-2.848344326
12,115,-3.211743355
12,116,-3.575870514
12,117,-3.940735817
12,118,-4.30635643
12,119,-4.672749996
12,120,-5.039937019
13,0,2731.902344
13,1,2528.559326171875
13,2,2319.617431640625
13,3,2112.599853515625
13,4,1905.6517333984375
13,5,1695.6939697265625
13,6,1491.204833984375
13,7,1286.197021484375
13,8,1103.1397705078125
13,9,983.7270508
13,10,834.9825439453125
13,11,657.1851196289062
13,12,435.0046387
13,13,213.3166504
13,14,97.77439880371094
13,15,95.28116607666016
13,16,92.74450684
13,17,90.36779785
13,18,88.01537322998047
13,19,85.68178558
13,20,83.37928009033203
13,21,81.25528717041016
13,22,79.14262390136719
13,23,76.96739959716797
13,24,74.84230041503906
13,25,72.78449249267578
13,26,70.33516693115234
13,27,66.03330231
13,28,61.744529724121094
13,29,59.52373123168945
13,30,56.92884445
13,31,53.64912033081055
13,32,50.465084075927734
13,33,47.73984909057617
13,34,45.136653900146484
13,35,42.94525909423828
13,36,41.03011703491211
13,37,39.475669860839844
13,38,38.14735794067383
13,39,37.02160645
13,40,35.93744659423828
13,41,34.85181427001953
13,42,33.68507004
13,43,32.50715255737305
13,44,31.336915969848633
13,45,30.174074172973633
13,46,28.98720932006836
13,47,27.78034019470215
13,48,26.62057113647461
13,49,25.51073455810547
13,50,24.531511306762695
13,51,23.582332611083984
13,52,22.718318939208984
13,53,21.91516876220703
13,54,21.25265121459961
13,55,20.676101684570312
13,56,20.114952087402344
13,57,19.57050323486328
13,58,19.027172088623047
13,59,18.50480079650879
13,60,17.98821449279785
13,61,17.47244644165039
13,62,16.960346221923828
13,63,16.46432113647461
13,64,15.982080459594727
13,65,15.500146865844727
13,66,15.021236419677734
13,67,14.563523292541504
13,68,14.105932235717773
13,69,13.654077529907227
13,70,13.219648361206055
13,71,12.785215377807617
13,72,12.350737571716309
13,73,11.944912910461426
13,74,11.554300308227539
13,75,11.16352653503418
13,76,10.772555351257324
13,77,10.396912574768066
13,78,10.038808822631836
13,79,9.680391311645508
13,80,9.321622848510742
13,81,8.962461471557617
13,82,8.602870941
13,83,8.242810249328613
13,84,7.882242202758789
13,85,7.521126747131348
13,86,7.159426689147949
13,87,6.797101974487305
13,88,6.434114933013916
13,89,6.070425033569336
13,90,5.705992698669434
13,91,5.3407816886901855
13,92,4.974752902984619
13,93,4.6209917068481445
13,94,4.269035816192627
13,95,3.9166998863220215
13,96,3.563964844
13,97,3.210818290710449
13,98,2.8572421073913574
13,99,2.5032219886779785
13,100,2.148740768432617
13,101,1.7937856912612915
13,102,1.4383383989334106
13,103,1.0823818445205688
13,104,0.7259031534194946
13,105,0.36888372898101807
13,106,0.011309266090393066
13,107,-0.346835017
13,108,-0.705566287
13,109,-1.064901233
13,110,-1.42485559
13,111,-1.785441279
13,112,-2.146679401
13,113,-2.508583069
13,114,-2.871167183
13,115,-3.234451294
13,116,-3.598445892
13,117,-3.963171482
13,118,-4.328641891
13,119,-4.69487381
13,120,-5.061882496
14,0,2686.532958984375
14,1,2484.170166015625
14,2,2276.047119140625
14,3,2069.79541
14,4,1863.2481689453125
14,5,1654.367676
14,6,1450.542236328125
14,7,1245.8055419921875
14,8,1070.9671630859375
14,9,955.5863037109375
14,10,795.6504516601562
14,11,615.7645874023438
14,12,390.44390869140625
14,13,176.7953643798828
14,14,97.20149993896484
14,15,94.69291687011719
14,16,92.20260620117188
14,17,89.83348846435547
14,18,87.48691559
14,19,85.15931701660156
14,20,82.86811065673828
14,21,80.72643280029297
14,22,78.55777740478516
14,23,76.41638946533203
14,24,74.29094696044922
14,25,72.15122985839844
14,26,69.23216247558594
14,27,64.55141449
14,28,61.11351013183594
14,29,59.01870346069336
14,30,56.06665802001953
14,31,52.75430679321289
14,32,49.949745178222656
14,33,47.22600173950195
14,34,44.746639251708984
14,35,42.60802078
14,36,40.75655746459961
14,37,39.233211517333984
14,38,37.907901763916016
14,39,36.78197479248047
14,40,35.67522048950195
14,41,34.57213211
14,42,33.36844253540039
14,43,32.18979263305664
14,44,31.018695831298828
14,45,29.854873657226562
14,46,28.64562988
14,47,27.437477111816406
14,48,26.29142189025879
14,49,25.239248275756836
14,50,24.282852172851562
14,51,23.356918334960938
14,52,22.497177124023438
14,53,21.751731872558594
14,54,21.128421783447266
14,55,20.55931854248047
14,56,20.01306725
14,57,19.46799659729004
14,58,18.924026489257812
14,59,18.405746459960938
14,60,17.88852310180664
14,61,17.377607345581055
14,62,16.883548736572266
14,63,16.400529861450195
14,64,15.917858123779297
14,65,15.4354887
14,66,14.9688139
14,67,14.510746002197266
14,68,14.05279541015625
14,69,13.60152816772461
14,70,13.166746139526367
14,71,12.731959342956543
14,72,12.297128677368164
14,73,11.89330005645752
14,74,11.50235366821289
14,75,11.111249923706055
14,76,10.719947814941406
14,77,10.344428062438965
14,78,9.986008644104004
14,79,9.627281188964844
14,80,9.268204689025879
14,81,8.908742904663086
14,82,8.548860549926758
14,83,8.188515663146973
14,84,7.827668190002441
14,85,7.466285705566406
14,86,7.104327201843262
14,87,6.741752624511719
14,88,6.378525733947754
14,89,6.0146074295043945
14,90,5.651889324188232
14,91,5.300896644592285
14,92,4.949578285217285
14,93,4.5979156494140625
14,94,4.245894432067871
14,95,3.893497943878174
14,96,3.5407114028930664
14,97,3.1875157356262207
14,98,2.8339004516601562
14,99,2.4798502922058105
14,100,2.125344753265381
14,101,1.7703710794448853
14,102,1.4149128198623657
14,103,1.058956265449524
14,104,0.7024842500686646
14,105,0.3454810380935669
14,106,-0.012067676
14,107,-0.370179057
14,108,-0.728866935
14,109,-1.088149905
14,110,-1.448037028
14,111,-1.8085531
14,112,-2.169704437
14,113,-2.53151226
14,114,-2.893992424
14,115,-3.257157326
14,116,-3.621026039
14,117,-3.985609055
14,118,-4.350926876
14,119,-4.716993332
14,120,-5.083824158
15,0,2641.163330078125
15,1,2439.781005859375
15,2,2232.477783203125
15,3,2026.990478515625
15,4,1820.7469482421875
15,5,1613.041504
15,6,1409.819824
15,7,1205.413330078125
15,8,1038.79248
15,9,926.4987793
15,10,756.3411865234375
15,11,570.5631713867188
15,12,345.88299560546875
15,13,140.6845245361328
15,14,96.62563324
15,15,94.10468292236328
15,16,91.66207122802734
15,17,89.29917145
15,18,86.95846557617188
15,19,84.63684844970703
15,20,82.35694122314453
15,21,80.20050048828125
15,22,77.97422028
15,23,75.86299896240234
15,24,73.75330352783203
15,25,71.52700043
15,26,68.03096771240234
15,27,63.26705551147461
15,28,60.70451736450195
15,29,58.40891647338867
15,30,55.19706344604492
15,31,52.157432556152344
15,32,49.43440628051758
15,33,46.711490631103516
15,34,44.38042068481445
15,35,42.27755355834961
15,36,40.484519958496094
15,37,38.98011016845703
15,38,37.66307449
15,39,36.54233932495117
15,40,35.41299057006836
15,41,34.28315353393555
15,42,33.051815032958984
15,43,31.8724308
15,44,30.70047378540039
15,45,29.520526885986328
15,46,28.304048538208008
15,47,27.102951049804688
15,48,26.01327133178711
15,49,24.991947174072266
15,50,24.03419303894043
15,51,23.13251495361328
15,52,22.338062286376953
15,53,21.610580444335938
15,54,21.00728988647461
15,55,20.45803451538086
15,56,19.91118049621582
15,57,19.365489959716797
15,58,18.825428009033203
15,59,18.30669403076172
15,60,17.79650879
15,61,17.304019927978516
15,62,16.820178985595703
15,63,16.336734771728516
15,64,15.85363483428955
15,65,15.37497329711914
15,66,14.916389465332031
15,67,14.457967758178711
15,68,13.99966049194336
15,69,13.548978805541992
15,70,13.11384391784668
15,71,12.678703308105469
15,72,12.24351978302002
15,73,11.84168815612793
15,74,11.450407028198242
15,75,11.058971405029297
15,76,10.667343139648438
15,77,10.291946411132812
15,78,9.933208465576172
15,79,9.574170112609863
15,80,9.214788436889648
15,81,8.855026245117188
15,82,8.494849205
15,83,8.134218215942383
15,84,7.773095607757568
15,85,7.411442756652832
15,86,7.049224853515625
15,87,6.686402320861816
15,88,6.330280303955078
15,89,5.9798078536987305
15,90,5.629042625427246
15,91,5.2779693603515625
15,92,4.926572799682617
15,93,4.574841022491455
15,94,4.222753047943115
15,95,3.8702969551086426
15,96,3.517456055
15,97,3.1642165184020996
15,98,2.810561180114746
15,99,2.456477642059326
15,100,2.101947784423828
15,101,1.7469545602798462
15,102,1.3914891481399536
15,103,1.035530686378479
15,104,0.6790653467178345
15,105,0.3220788240432739
15,106,-0.035445094
15,107,-0.393521667
15,108,-0.752165675
15,109,-1.111392856
15,110,-1.47121942
15,111,-1.831660151
15,112,-2.192728043
15,113,-2.554442406
15,114,-2.916817665
15,115,-3.279864788
15,116,-3.643604279
15,117,-4.008048058
15,118,-4.373213291
15,119,-4.739114285
15,120,-5.105768681
16,0,2595.793945
16,1,2395.391845703125
16,2,2188.907470703125
16,3,1984.185059
16,4,1778.2454833984375
16,5,1571.715576171875
16,6,1369.057129
16,7,1165.564208984375
16,8,1006.8702392578125
16,9,897.0200805664062
16,10,717.1666259765625
16,11,525.3615112304688
16,12,301.5072326660156
16,13,109.31857299804688
16,14,96.05477142333984
16,15,93.52214050292969
16,16,91.12313079833984
16,17,88.76486969
16,18,86.43000793457031
16,19,84.11438751220703
16,20,81.84577178955078
16,21,79.67635345458984
16,22,77.40010833740234
16,23,75.29650879
16,24,73.20163727
16,25,70.70623016357422
16,26,66.48743438720703
16,27,62.29100036621094
16,28,60.274539947509766
16,29,57.70420455932617
16,30,54.32588577270508
16,31,51.646697998046875
16,32,48.919063568115234
16,33,46.245235443115234
16,34,44.00909423828125
16,35,41.96705246
16,36,40.21248245239258
16,37,38.71201705932617
16,38,37.423587799072266
16,39,36.302703857421875
16,40,35.15075684
16,41,33.96342849731445
16,42,32.73518753051758
16,43,31.55506706237793
16,44,30.382253646850586
16,45,29.180110931396484
16,46,27.962467193603516
16,47,26.81783676147461
16,48,25.75514793395996
16,49,24.747955322265625
16,50,23.800771713256836
16,51,22.97393798828125
16,52,22.18564224243164
16,53,21.479658126831055
16,54,20.90542984008789
16,55,20.35675048828125
16,56,19.809293746948242
16,57,19.262983322143555
16,58,18.727001190185547
16,59,18.21708869934082
16,60,17.72576332092285
16,61,17.24106788635254
16,62,16.75680923461914
16,63,16.27294158935547
16,64,15.789412498474121
16,65,15.322901725769043
16,66,14.863968849182129
16,67,14.40518856048584
16,68,13.946523666381836
16,69,13.496431350708008
16,70,13.060940742492676
16,71,12.625448226928711
16,72,12.189911842346191
16,73,11.79007625579834
16,74,11.398460388183594
16,75,11.006694793701172
16,76,10.614737510681152
16,77,10.23946475982666
16,78,9.880410194396973
16,79,9.521057129
16,80,9.161369323730469
16,81,8.801307678222656
16,82,8.440839767456055
16,83,8.079921722
16,84,7.7185235023498535
16,85,7.357737064361572
16,86,7.007944107055664
16,87,6.6579084396362305
16,88,6.307617188
16,89,5.957049847
16,90,5.606198310852051
16,91,5.255042076
16,92,4.903569698
16,93,4.551764965057373
16,94,4.199611663818359
16,95,3.8470969200134277
16,96,3.494202136993408
16,97,3.1409149169921875
16,98,2.787221908569336
16,99,2.4331040382385254
16,100,2.0785489082336426
16,101,1.7235413789749146
16,102,1.3680659532546997
16,103,1.0121065378189087
16,104,0.6556483507156372
16,105,0.29867756366729736
16,106,-0.058821559
16,107,-0.416863799
16,108,-0.775463939
16,109,-1.13463819
16,110,-1.494402289
16,111,-1.854769588
16,112,-2.215754509
16,113,-2.577373028
16,114,-2.939639091
16,115,-3.302570343
16,116,-3.666182518
16,117,-4.030485153
16,118,-4.395499706
16,119,-4.761236668
16,120,-5.127713203
